-- ==================== CATEGORIAS ====================

use cimark;
INSERT INTO `categorias` (id_categoria, nome_categoria)
VALUES 
(1,'Camisetas'),(2,'Calças'),(3,'Vestidos'),(4,'Saias'),(5,'Blusas'),(6,'Roupas Íntimas'),(7,'Meias');


-- ==================== CLIENTES ====================

INSERT INTO `clientes` (id_cliente, nome, cpf, genero, data_nascimento, telefone, email, endereco, estado, cidade)
VALUES 
(1,'Gabriela Faria','56895231158','Feminino','2008-04-08','1194568975','gabifarias@gmail.com','rua jose alvares de souza, 259','SP','São Paulo'),2,'José Alves','68944586879','Masculino','2010-05-10','1198496523','josealves@gmail.com','rua valentino braga, 29','SP','São Paulo'),3,'Vanessa Campos','69786549722','Feminino','2000-08-02','21196587920','vanessacampos@gmail.com','rua mario de andrado, 229','RJ','Rio de Janeiro'),4,'Valeria Camargo','28948748988','Feminino','1968-10-22','3198756411','valeriacamargo@gmail.com','avenida franca julios, 555','MG','Belo Horizonte'),5,'Marcelo Braga','88974685997','Masculino','1980-11-25','1198785891','marcelobraga@gmail.com','rua jazida das flores, 889','SP','São Paulo'),6,'Franciele dos Santos','50898955877','Feminino','1997-12-27','3398785645','francisantos@gmail.com','rua ladeado franco rocha, ap2','MG','Ipatinga'),7,'Ana Júlia da Silva','89785863145','Feminino','1978-08-02','1198756983','anajuliasilva@gmail.com','avenida berrini longo, 225','SP','São Paulo'),8,'Vinicius de Oliveira','50987896732','Outro','1980-02-20','3197563420','viniciusolive@gmail.com','rua salcino vieira costas, 889','MG','Belo Horizonte'),9,'Fabricio Junior','50964588712','Masculino','2000-08-27','3198567894','fabriciojunior@gmail.com','rua barreira neto, 89','RJ','Rio de Janeiro'),10,'Bruna Pereira','59869784077','Feminino','1998-02-20','1198456925','brunapereira@gmail.com','avenida padre carmargo junior, 789','SP','São Paulo'),11,'Patrícia Morais','12569878944','Feminino','1995-06-14','41987654321','patriciamoreira@gmail.com','Rua das Palmeiras, 120','PR','Curitiba'),12,'Ricardo Mendes','23456789012','Masculino','1988-09-14','71984561234','ricardomendes@gmail.com','Avenida Oceanica, 450','BA','Salvador'),13,'Camila Rocha','34567890123','Feminino','2002-01-18','85987456321','camilarocha@gmail.com','rua beira mar, 78','CE','Fortaleza'),14,'Eduardo Nascimento','45678980123','Masculino','1993-04-25','62985634125','eduardonascimento@gmail.com','rua goiás, 98','GO','Goiânia'),15,'Fernanda Lima','56789012345','Feminino','1999-11-07','27987454236','fernandalima@gmail.com','rua do porto, 150','ES','Vitória'),16,'Thiago Martins','67890123456','Masculino','1985-07-12','51984561237','thiagomartins@gmail.com','avenida Ipiranga, 320','RS','Porto Alegre'),17,'Juliana Freitas','78901234567','Feminino','1991-03-09','48985672341','julianafreitas@gmail.com','rua das acácias, 210','SC','Florianópolis'),18,'Leonardo Costa','89012345678','Masculino','1997-12-15','61987456321','leonardocosta@gmail.com','rua soldado pereira 210 bloco B','DF','Brasília'),19,'Beatriz Ribeiro','90123456789','Feminino','2001-05-21','31984567891','beatrizribeiro@gmail.com','rua da serra, 415','MG','Belo Horizonte'),20,'Gustavo Henrique','11223484556','Masculino','1996-10-03','11986547895','gustavohenrique@gmail.com','rua aurora, 560','SP','Campinas');


-- ==================== VENDEDORES ====================

INSERT INTO `vendedores` (id_vendedor, nome, cpf, telefone, data_nascimento, email,turno, nivel, data_admissao, comissao, cidade, estado)
VALUES
(1,'Claúdia Santos','69895623118','1198654982','2003-05-06','claudiasantos@gmail.com','Manhã','Junior','2025-05-01',5.00,'São Paulo','SP'),(2,'Vanessa Campos','89568479867','1199564873','2000-07-26','vanessacampos@gmail.com','Manhã','Pleno','2023-04-20',10.00,'São Paulo','SP'),(3,'Vinicius Souza','58954625131','1195612345','2000-09-20','viniciussouza@gmail.com','Tarde','Pleno','2022-12-10',10.00,'São Paulo','SP'),(4,'Giovani Lima','25653418957','1198653214','1988-01-14','giovanilima@gmail.com','Noite','Sênior','2015-05-01',15.00,'São Paulo','SP'),(5,'Catia de Jesus','85946545856','2119864585','2004-10-14','catiadejesus@gmail.com','Manhã','Junior','2026-01-10',5.00,'Rio de Janeiro','RJ'),(6,'Valeria Freitas','79563214785','2189563214','2001-10-14','valeriafreitas@gmail.com','Tarde','Sênior','2016-06-12',15.00,'Rio de Janeiro','RJ'),(7,'Julia de Oliveira','25637418987','2145687123','2005-10-14','juliaoliveira@gmail.com','Manhã','Pleno','2022-02-07',10.00,'Rio de Janeiro','RJ'),(8,'Gabriel Moreira','69784986231','3112236988','1982-05-24','gabrielmoreira@gmail.com','Tarde','Sênior','2014-01-10',15.00,'Belo Horizonte','MG'),(9,'Vitoria Silvia','58956412325','3123456987','1998-02-07','vitoriasilvia@gmail.com','Noite','Junior','2025-01-10',5.00,'Belo Horizonte','MG'),(10,'Lucas Batista','78945612321','3189456123','2000-01-20','lucasbatista@gmail.com','Tarde','Junior','2025-11-20',5.00,'Belo Horizonte','MG');


-- ==================== PRODUTOS ====================

INSERT INTO `produtos` (id_produto, nome_produto, preco, publico, cor, tamanho, estoque, id_categoria)
VALUES
(1,'Camisa Floral Manga Curta',50.88,'Feminino','Rosa','P',25,1),(2,'Cropped de Renda e Alças Finas',25.99,'Feminino','Preto','PP',20,1),(3,'Cropped de Renda e Alças Finas',25.99,'Feminino','Azul','P',14,1),(4,'Cropped de Renda e Alças Finas',25.99,'Feminino','Rosa','M',26,1),(5,'Camisa Linho Casual',68.58,'Masculino','Branco','M',28,1),(6,'Camisa Linho Casual',68.58,'Feminino','Rosa','GG',20,1),(7,'Camisa Linho Casual',68.58,'Masculino','Preto','G',18,1),(8,'Camisa Linho Casual',68.58,'Masculino','Bege','P',20,1),(9,'Blusa Básica Manga curta',80.55,'Masculino','Bege','M',50,5),(10,'Blusa Básica Manga curta',80.55,'Feminino','Preto','GG',47,5),(11,'Blusa Básica Manga curta',80.55,'Feminino','Bege','P',40,5),(12,'Blusa Básica Manga curta',80.55,'Feminino','Vinho','M',29,5),(13,'Blusa Decote V',120.00,'Feminino','Preto','G',43,5),(14,'Blusa Decote V',120.00,'Feminino','Preto','M',35,5),(15,'Blusa Casual De Algodão',90.99,'Masculino','Azul','M',69,5),(16,'Blusa Casual De Algodão',90.99,'Masculino','Azul','G',50,5),(17,'Blusa Casual De Algodão',90.99,'Masculino','Branco','GG',52,5),(18,'Vestido Floral Midi',150.00,'Feminino','Azul','M',18,3),(19,'Vestido Floral Midi',150.00,'Feminino','Azul','G',12,3),(20,'Vestido Longo Elegance',189.90,'Feminino','Verde','P',10,3),(21,'Vestido Longo Elegance',189.90,'Feminino','Lilas','M',10,3),(22,'Calça Jeans Skinny',129.90,'Masculino','Azul','34',20,2),(23,'Calça Jeans Skinny',129.90,'Masculino','Azul','38',30,2),(24,'Calça Jeans Skinny',129.90,'Masculino','Azul','36',28,2),(25,'Calça Jeans Wide Leg',159.90,'Feminino','Preto','40',15,2),(26,'Calça Jeans Wide Leg',159.90,'Feminino','Azul Claro','36',29,2),(27,'Calça Jeans Reta',99.90,'Masculino','Azul','40',30,2),(28,'Calça Sarja Casual',139.90,'Masculino','Bege','40',18,2),(29,'Calça Sarja Casual',139.90,'Masculino','Preto','42',30,2),(30,'Camiseta Oversized Street',79.90,'Masculino','Branco','M',35,1),(31,'Camiseta Oversized Street',79.90,'Feminino','Preto','M',28,1),(32,'Jaqueta Jeans Clássica',199.90,'Feminino','Azul','M',8,5),(33,'Jaqueta Jeans Clássica',199.90,'Feminino','Azul','G',10,5),(34,'Jaqueta de Couro',249.90,'Feminino','Preto','M',5,5),(35,'Jaqueta de Couro',249.90,'Masculino','Preto','M',5,5),(36,'Saia Jeans Básica',89.90,'Feminino','Azul','36',25,4),(37,'Saia Jeans Básica',89.90,'Feminino','Azul','38',20,4),(38,'Saia Longa Estampada',59.90,'Feminino','Rosa','34',20,4),(39,'Conjunto Lingerie Renda',79.90,'Feminino','Preto','P',20,6),(40,'Conjunto Lingerie Renda',79.90,'Feminino','Vermelho','M',17,6),(41,'Sutiã Confort',35.50,'Feminino','Branco','M',14,6),(42,'Sutiã Confort',35.50,'Feminino','Bege','G',10,6),(43,'Sutiã Confort',35.50,'Feminino','Bege','GG',10,6),(44,'Calcinha Sem Costura',15.90,'Feminino','Bege','P',22,6),(45,'Calcinha Sem Costura',15.90,'Feminino','Bege','M',32,6),(46,'Calcinha Sem Costura',15.90,'Feminino','Preto','M',12,6),(47,'Cueca Boxer Casual',19.90,'Masculino','Vinho','M',35,6),(48,'Cueca Boxer Casual',19.90,'Masculino','Branco','G',25,6),(49,'Meia Esportiva Masculina',12.99,'Masculino','Branco','Único',50,7),(50,'Meia Esportiva Masculina',12.99,'Masculino','Preto','Único',62,7);


-- ==================== VENDAS ====================

INSERT INTO `vendas` (id_venda, id_cliente, id_vendedor, data_venda, forma_pagamento, valor_total)
VALUES
(1,4,3,'2025-01-05 10:14:22','Pix',112.35),(2,12,7,'2025-01-05 14:32:10','Cartão de crédito',129.90),(3,18,1,'2025-01-07 11:05:45','Cartão de débito',51.98),(4,2,9,'2025-01-09 16:45:12','Pix',85.88),(5,15,5,'2025-01-12 09:22:30','Cartão de crédito',99.90),(6,7,2,'2025-01-15 15:10:18','Pix',68.58),(7,20,8,'2025-01-18 13:55:00','Cartão de crédito',159.80),(8,9,4,'2025-01-22 17:30:25','Cartão de débito',249.90),(9,11,10,'2025-01-25 10:05:14','Pix',51.40),(10,3,6,'2025-01-29 12:40:50','Cartão de crédito',120.00),(11,14,1,'2025-02-02 14:15:33','Cartão de débito',159.90),(12,8,3,'2025-02-05 11:22:11','Pix',50.88),(13,19,7,'2025-02-09 16:05:44','Cartão de crédito',150.00),(14,5,5,'2025-02-12 10:50:19','Pix',189.90),(15,1,9,'2025-02-16 13:12:02','Cartão de crédito',199.90),(16,17,2,'2025-02-20 15:45:37','Cartão de débito',139.90),(17,10,8,'2025-02-24 09:18:26','Pix',115.88),(18,6,4,'2025-02-27 17:02:11','Cartão de crédito',19.90),(19,13,10,'2025-03-03 11:35:55','Pix',51.98),(20,16,6,'2025-03-07 14:50:18','Cartão de crédito',90.99),(21,11,3,'2025-03-11 10:25:40','Cartão de débito',80.55),(22,5,8,'2025-03-15 16:12:05','Pix',129.90),(23,14,2,'2025-03-19 13:40:55','Cartão de crédito',68.58),(24,8,9,'2025-03-22 11:05:14','Cartão de débito',79.90),(25,19,4,'2025-03-26 15:30:22','Pix',120.00),(26,2,7,'2025-03-30 17:48:10','Cartão de crédito',79.90),(27,15,1,'2025-04-03 09:15:33','Pix',159.90),(28,7,10,'2025-04-07 12:22:45','Cartão de crédito',68.58),(29,20,5,'2025-04-11 14:05:19','Cartão de débito',150.00),(30,9,6,'2025-04-15 16:55:02','Pix',35.50),(31,3,2,'2025-04-19 10:10:30','Cartão de crédito',189.90),(32,12,8,'2025-04-23 13:35:14','Pix',199.90),(33,18,4,'2025-04-27 11:20:55','Cartão de débito',68.58),(34,4,9,'2025-04-30 15:42:18','Cartão de crédito',79.90),(35,13,1,'2025-05-04 14:12:05','Pix',80.55),(36,6,7,'2025-05-08 09:50:40','Cartão de crédito',139.90),(37,17,5,'2025-05-12 16:25:11','Cartão de débito',89.90),(38,10,10,'2025-05-16 11:05:33','Pix',19.90),(39,1,3,'2025-05-20 13:48:19','Cartão de crédito',25.99),(40,16,6,'2025-05-24 15:15:02','Cartão de débito',90.99),(41,12,4,'2025-05-28 10:30:55','Pix',15.90),(42,4,8,'2025-06-02 14:45:12','Cartão de crédito',80.55),(43,19,2,'2025-06-06 11:22:30','Pix',129.90),(44,8,9,'2025-06-10 16:10:18','Cartão de débito',35.50),(45,15,6,'2025-06-14 13:55:00','Cartão de crédito',249.90),(46,3,1,'2025-06-18 17:30:25','Pix',181.98),(47,14,10,'2025-06-22 10:05:14','Cartão de crédito',47.70),(48,7,5,'2025-06-26 12:40:50','Cartão de débito',51.98),(49,20,7,'2025-06-30 14:15:33','Pix',119.80),(50,9,3,'2025-07-04 11:22:11','Cartão de crédito',199.80),(51,11,4,'2025-07-08 16:05:44','Pix',259.80),(52,6,8,'2025-07-12 10:50:19','Cartão de débito',38.97),(53,17,2,'2025-07-16 13:12:02','Cartão de crédito',159.80),(54,1,9,'2025-07-20 15:45:37','Pix',137.16),(55,16,10,'2025-07-24 09:18:26','Cartão de crédito',499.80),(56,10,5,'2025-07-28 17:02:11','Cartão de débito',71.00),(57,13,6,'2025-08-01 11:35:55','Pix',240.00),(58,2,1,'2025-08-05 14:50:18','Cartão de crédito',161.10),(59,18,7,'2025-08-09 10:25:40','Cartão de débito',319.80),(60,5,3,'2025-08-13 16:12:05','Pix',101.76),(61,14,8,'2025-08-17 13:40:55','Cartão de crédito',300.00),(62,8,2,'2025-08-21 11:05:14','Cartão de débito',379.80),(63,19,9,'2025-08-25 15:30:22','Pix',399.80),(64,3,4,'2025-08-29 17:48:10','Cartão de crédito',279.80),(65,12,10,'2025-09-02 09:15:33','Pix',179.80),(66,4,5,'2025-09-06 12:22:45','Cartão de crédito',39.80),(67,15,6,'2025-09-10 14:05:19','Cartão de débito',51.98),(68,7,2,'2025-09-14 16:55:02','Pix',181.98),(69,20,8,'2025-09-18 10:10:30','Cartão de crédito',31.80),(70,9,4,'2025-09-22 13:35:14','Pix',161.10),(71,18,9,'2025-09-26 11:20:55','Cartão de débito',259.80),(72,11,1,'2025-09-30 15:42:18','Cartão de crédito',137.16),(73,5,7,'2025-10-04 14:12:05','Pix',159.80),(74,13,3,'2025-10-08 09:50:40','Cartão de crédito',240.00),(75,6,10,'2025-10-12 16:25:11','Cartão de débito',159.80),(76,17,5,'2025-10-16 11:05:33','Pix',319.80),(77,10,6,'2025-10-20 13:48:19','Cartão de crédito',137.16),(78,1,2,'2025-10-24 15:15:02','Cartão de débito',300.00),(79,16,8,'2025-10-28 10:30:55','Pix',71.00),(80,2,4,'2025-10-31 14:45:12','Cartão de crédito',379.80),(81,19,9,'2025-11-04 11:22:30','Pix',399.80),(82,8,3,'2025-11-08 16:10:18','Cartão de débito',137.16),(83,15,7,'2025-11-12 13:55:00','Cartão de crédito',159.80),(84,3,1,'2025-11-16 17:30:25','Pix',161.10),(85,14,10,'2025-11-20 10:05:14','Cartão de crédito',279.80),(86,7,5,'2025-11-24 12:40:50','Cartão de débito',179.80),(87,20,6,'2025-11-28 14:15:33','Pix',39.80),(88,9,2,'2025-12-02 11:22:11','Cartão de crédito',51.98),(89,11,8,'2025-12-06 16:05:44','Pix',181.98),(90,6,4,'2025-12-10 10:50:19','Cartão de débito',31.80),(91,17,3,'2025-12-14 13:12:02','Cartão de crédito',161.10),(92,1,9,'2025-12-18 15:45:37','Pix',259.80),(93,16,1,'2025-12-22 09:18:26','Cartão de crédito',71.00),(94,10,7,'2025-12-26 17:02:11','Cartão de débito',499.80),(95,13,5,'2025-12-30 11:35:55','Pix',272.97),(96,4,10,'2026-01-03 14:50:18','Cartão de crédito',63.60),(97,18,2,'2026-01-07 10:25:40','Cartão de débito',77.97),(98,5,6,'2026-01-11 16:12:05','Pix',179.70),(99,12,8,'2026-01-15 13:40:55','Cartão de crédito',299.70),(100,15,3,'2026-01-19 11:05:14','Cartão de débito',389.70),(101,8,1,'2026-01-23 15:30:22','Pix',38.97),(102,2,7,'2026-01-27 17:48:10','Cartão de crédito',239.70),(103,11,4,'2026-01-31 09:15:33','Pix',205.74),(104,19,10,'2026-02-04 12:22:45','Cartão de crédito',249.90),(105,7,5,'2026-02-08 14:05:19','Cartão de débito',71.00),(106,20,9,'2026-02-12 16:55:02','Pix',240.00),(107,3,2,'2026-02-16 10:10:30','Cartão de crédito',241.65),(108,9,8,'2026-02-20 13:35:14','Pix',159.90),(109,14,6,'2026-02-24 11:20:55','Cartão de débito',101.76),(110,13,3,'2026-02-28 15:42:18','Cartão de crédito',150.00),(111,6,1,'2026-03-04 14:12:05','Pix',379.80),(112,17,7,'2026-03-08 09:50:40','Cartão de crédito',199.90),(113,10,5,'2026-03-12 16:25:11','Cartão de débito',279.80),(114,1,10,'2026-03-16 11:05:33','Pix',89.90),(115,16,2,'2026-03-20 13:48:19','Cartão de crédito',79.60),(116,4,4,'2026-03-24 15:15:02','Cartão de débito',51.98),(117,18,8,'2026-03-28 10:30:55','Pix',90.99),(118,5,9,'2026-04-01 14:45:12','Cartão de crédito',47.70),(119,12,3,'2026-04-05 11:22:30','Pix',80.55),(120,19,6,'2026-04-09 16:10:18','Cartão de débito',259.80),(121,9,1,'2026-04-13 13:55:00','Cartão de crédito',137.16),(122,14,10,'2026-04-17 17:30:25','Pix',79.90),(123,2,5,'2026-04-21 10:05:14','Cartão de crédito',120.00),(124,7,7,'2026-04-25 12:40:50','Cartão de débito',159.80),(125,20,2,'2026-04-29 14:15:33','Pix',159.90),(126,11,4,'2026-05-03 11:22:11','Cartão de crédito',137.16),(127,8,8,'2026-05-07 16:05:44','Pix',150.00),(128,15,9,'2026-05-11 10:50:19','Cartão de débito',106.50),(129,3,3,'2026-05-15 13:12:02','Cartão de crédito',189.90),(130,6,1,'2026-05-19 15:45:37','Pix',199.90),(131,17,6,'2026-05-23 09:18:26','Cartão de crédito',137.16),(132,10,10,'2026-05-27 17:02:11','Cartão de débito',79.90),(133,1,2,'2026-05-30 11:35:55','Pix',161.10),(134,13,7,'2025-01-10 10:40:15','Cartão de crédito',139.90),(135,5,4,'2025-01-14 15:20:33','Pix',179.80),(136,18,9,'2025-01-19 11:12:44','Cartão de débito',59.70),(137,12,3,'2025-01-23 16:50:21','Cartão de crédito',51.98),(138,9,8,'2025-01-27 14:05:02','Pix',90.99),(139,4,1,'2025-01-31 09:30:18','Cartão de débito',47.70),(140,20,10,'2025-02-04 13:45:55','Cartão de crédito',80.55),(141,15,5,'2025-02-08 11:15:12','Pix',259.80),(142,2,6,'2025-02-12 15:55:40','Cartão de crédito',71.00),(143,11,2,'2025-02-16 10:22:19','Cartão de débito',249.90),(144,14,7,'2025-02-20 14:35:04','Pix',181.98),(145,8,3,'2025-02-25 16:12:48','Cartão de crédito',47.70),(146,19,9,'2025-03-01 11:05:30','Pix',51.98),(147,7,4,'2025-03-05 13:40:11','Cartão de débito',59.90),(148,16,8,'2025-03-09 15:25:52','Cartão de crédito',199.80),(149,10,1,'2025-03-13 09:10:05','Pix',129.90),(150,3,10,'2025-03-17 12:50:37','Cartão de débito',38.97),(151,6,5,'2025-03-21 17:15:22','Cartão de crédito',159.80),(152,17,2,'2025-03-25 10:33:14','Pix',137.16),(153,1,6,'2025-03-29 14:48:01','Cartão de crédito',249.90),(154,13,3,'2025-04-02 11:05:44','Cartão de débito',71.00),(155,5,9,'2025-04-06 16:30:19','Pix',120.00),(156,18,7,'2025-04-10 13:12:55','Cartão de crédito',161.10),(157,12,4,'2025-04-14 10:55:08','Pix',159.90),(158,9,8,'2025-04-18 15:20:41','Cartão de débito',101.76),(159,4,1,'2025-04-22 17:45:13','Cartão de crédito',150.00),(160,20,10,'2025-04-26 11:40:27','Pix',379.80),(161,15,5,'2025-04-30 14:15:02','Cartão de débito',199.90),(162,2,2,'2025-05-04 09:35:19','Cartão de crédito',279.80),(163,11,6,'2025-05-08 12:10:55','Pix',89.90),(164,14,3,'2025-05-12 16:50:34','Cartão de crédito',59.70),(165,8,8,'2025-05-16 10:25:12','Cartão de débito',51.98),(166,19,4,'2025-05-20 13:15:40','Pix',90.99),(167,7,9,'2025-05-24 15:40:22','Cartão de crédito',31.80),(168,16,1,'2025-05-28 11:05:07','Pix',80.55),(169,10,7,'2025-06-01 14:35:59','Cartão de débito',259.80),(170,3,5,'2025-06-05 17:20:14','Cartão de crédito',137.16),(171,6,10,'2025-06-09 10:50:45','Pix',79.90),(172,17,2,'2025-06-13 13:15:30','Cartão de crédito',120.00),(173,1,6,'2025-06-17 16:40:12','Cartão de débito',159.80),(174,13,8,'2025-06-21 11:25:55','Pix',159.90),(175,5,3,'2025-06-25 14:10:03','Cartão de crédito',137.16),(176,18,4,'2025-06-29 09:55:41','Pix',150.00),(177,12,9,'2025-07-03 12:30:18','Cartão de débito',71.00),(178,9,1,'2025-07-07 15:15:52','Cartão de crédito',189.90),(179,4,10,'2025-07-11 17:40:06','Pix',199.90),(180,20,5,'2025-07-15 10:05:34','Cartão de débito',137.16),(181,15,7,'2025-07-19 13:50:22','Cartão de crédito',79.90),(182,2,2,'2025-07-23 16:12:11','Pix',161.10),(183,11,6,'2025-07-27 11:45:50','Cartão de crédito',139.90),(184,14,3,'2025-07-31 09:22:15','Cartão de débito',179.80),(185,8,8,'2025-08-04 14:05:40','Pix',59.70),(186,19,4,'2025-08-08 17:30:18','Cartão de crédito',51.98),(187,7,9,'2025-08-12 10:15:33','Pix',90.99),(188,16,1,'2025-08-16 13:48:02','Cartão de débito',47.70),(189,10,7,'2025-08-20 15:55:26','Cartão de crédito',80.55),(190,3,5,'2025-08-24 11:10:14','Pix',259.80),(191,6,10,'2025-08-28 14:42:50','Cartão de crédito',71.00),(192,17,2,'2025-09-01 09:25:19','Cartão de débito',249.90),(193,1,6,'2025-09-05 13:05:11','Pix',181.98),(194,13,8,'2025-09-09 16:20:44','Cartão de crédito',47.70),(195,5,3,'2025-09-13 10:50:55','Pix',51.98),(196,18,4,'2025-09-17 14:12:02','Cartão de débito',59.90),(197,12,9,'2025-09-21 17:35:37','Cartão de crédito',199.80),(198,9,1,'2025-09-25 11:02:18','Pix',129.90),(199,4,10,'2025-09-29 15:40:00','Cartão de crédito',38.97),(200,20,5,'2025-10-03 09:18:45','Cartão de débito',25.98),(201,15,7,'2025-10-07 12:55:12','Pix',159.80),(202,2,2,'2025-10-11 14:22:30','Cartão de crédito',137.16),(203,11,6,'2025-10-15 16:05:19','Pix',249.90),(204,14,3,'2025-10-19 11:30:55','Cartão de débito',71.00),(205,8,8,'2025-10-23 15:12:05','Cartão de crédito',120.00),(206,19,4,'2025-10-27 10:40:40','Pix',161.10),(207,7,9,'2025-10-31 13:15:11','Cartão de crédito',159.90),(208,16,1,'2025-11-04 16:50:33','Cartão de débito',101.76),(209,10,7,'2025-11-08 09:25:18','Pix',150.00),(210,3,5,'2025-11-12 12:10:02','Cartão de crédito',379.80),(211,6,10,'2025-11-16 14:48:55','Pix',199.90),(212,17,2,'2025-11-20 17:02:11','Cartão de débito',279.80),(213,1,6,'2025-11-24 11:35:40','Cartão de crédito',89.90),(214,13,8,'2025-11-28 15:12:05','Pix',59.70),(215,5,3,'2025-12-02 10:30:14','Cartão de débito',51.98),(216,18,4,'2025-12-06 13:55:52','Pix',90.99),(217,12,9,'2025-12-10 16:12:05','Cartão de crédito',31.80),(218,9,1,'2025-12-14 11:05:44','Pix',80.55),(219,4,10,'2025-12-18 14:40:19','Cartão de débito',259.80),(220,20,5,'2025-12-22 09:22:37','Cartão de crédito',137.16),(221,15,7,'2025-12-26 13:15:11','Pix',79.90),(222,2,2,'2025-12-30 15:50:55','Cartão de crédito',120.00),(223,11,6,'2026-01-03 11:12:02','Cartão de débito',159.80),(224,14,3,'2026-01-07 14:35:40','Pix',159.90),(225,8,8,'2026-01-11 17:02:19','Cartão de crédito',137.16),(226,19,4,'2026-01-15 10:25:11','Pix',150.00),(227,7,9,'2026-01-19 13:48:55','Cartão de débito',71.00),(228,16,1,'2026-01-23 16:15:02','Cartão de crédito',189.90),(229,10,7,'2026-01-27 11:05:44','Pix',199.90),(230,3,5,'2026-01-31 14:32:18','Cartão de débito',137.16),(231,6,10,'2026-02-04 09:15:33','Pix',79.90),(232,17,2,'2026-02-08 12:22:11','Cartão de crédito',161.10),(233,1,6,'2026-02-12 15:05:44','Pix',139.90),(234,13,8,'2026-02-16 10:40:19','Cartão de débito',179.80),(235,5,3,'2026-02-20 13:12:02','Cartão de crédito',59.70),(236,18,4,'2026-02-24 16:55:52','Pix',51.98),(237,12,9,'2026-02-28 11:20:05','Cartão de crédito',90.99),(238,9,1,'2026-03-04 14:45:12','Cartão de débito',47.70),(239,4,10,'2026-03-08 10:05:44','Pix',80.55),(240,20,5,'2026-03-12 13:35:19','Cartão de crédito',259.80),(241,15,7,'2026-03-16 16:12:05','Pix',71.00),(242,2,2,'2026-03-20 11:50:55','Cartão de débito',249.90),(243,11,6,'2026-03-24 14:15:33','Cartão de crédito',181.98),(244,14,3,'2026-03-28 17:48:10','Pix',47.70),(245,8,8,'2026-04-01 09:35:19','Cartão de crédito',51.98),(246,19,4,'2026-04-05 12:10:55','Pix',59.90),(247,7,9,'2026-04-09 15:42:18','Cartão de débito',199.80),(248,16,1,'2026-04-13 11:05:07','Cartão de crédito',129.90),(249,10,7,'2026-04-17 14:35:59','Pix',38.97),(250,3,5,'2026-04-21 17:20:14','Cartão de crédito',25.98),(251,6,10,'2026-04-25 10:50:45','Pix',159.80),(252,17,2,'2026-04-29 13:15:30','Cartão de débito',137.16),(253,1,6,'2026-05-03 16:40:12','Cartão de crédito',249.90),(254,13,8,'2026-05-07 11:25:55','Pix',71.00),(255,5,3,'2026-05-11 14:10:03','Cartão de crédito',120.00),(256,18,4,'2026-05-15 09:55:41','Pix',161.10),(257,12,9,'2026-05-19 12:30:18','Cartão de débito',159.90),(258,9,1,'2026-05-23 15:15:52','Cartão de crédito',101.76),(259,4,10,'2026-05-27 17:40:06','Pix',150.00),(260,20,5,'2026-05-30 10:05:34','Cartão de débito',379.80),(261,1,4,'2025-01-11 11:20:15','Cartão de crédito',199.90),(262,2,5,'2025-01-16 14:35:40','Pix',279.80),(263,3,6,'2025-01-21 16:50:12','Cartão de débito',89.90),(264,4,7,'2025-01-26 10:15:55','Cartão de crédito',59.70),(265,5,8,'2025-01-31 13:40:03','Pix',51.98),(266,6,9,'2025-02-05 15:55:41','Cartão de crédito',90.99),(267,7,10,'2025-02-10 09:12:02','Cartão de débito',31.80),(268,8,1,'2025-02-15 11:45:19','Pix',80.55),(269,9,2,'2025-02-20 14:22:30','Cartão de crédito',259.80),(270,10,3,'2025-02-25 16:05:14','Pix',137.16),(271,11,4,'2025-03-02 10:30:55','Cartão de débito',79.90),(272,12,5,'2025-03-07 13:15:11','Cartão de crédito',120.00),(273,13,6,'2025-03-12 15:48:40','Pix',159.80),(274,14,7,'2025-03-17 11:05:02','Cartão de crédito',159.90),(275,15,8,'2025-03-22 14:35:55','Cartão de débito',137.16),(276,16,9,'2025-03-27 17:02:19','Pix',150.00),(277,17,10,'2025-04-01 10:25:11','Cartão de crédito',71.00),(278,18,1,'2025-04-06 13:48:55','Pix',189.90),(279,19,2,'2025-04-11 16:15:02','Cartão de débito',199.90),(280,20,3,'2025-04-16 11:05:44','Cartão de crédito',137.16),(281,1,5,'2025-04-21 14:32:18','Pix',79.90),(282,2,6,'2025-04-26 17:48:10','Cartão de crédito',161.10),(283,3,7,'2025-05-01 09:15:33','Pix',139.90),(284,4,8,'2025-05-06 12:22:45','Cartão de crédito',179.80),(285,5,9,'2025-05-11 14:05:19','Cartão de débito',59.70),(286,6,10,'2025-05-16 16:55:02','Pix',51.98),(287,7,1,'2025-05-21 10:10:30','Cartão de crédito',90.99),(288,8,2,'2025-05-25 13:35:14','Pix',47.70),(289,9,3,'2025-05-30 11:20:55','Cartão de débito',80.55),(290,10,4,'2025-06-03 15:42:18','Cartão de crédito',259.80),(291,11,5,'2025-06-08 14:12:05','Pix',71.00),(292,12,6,'2025-06-12 09:50:40','Cartão de crédito',249.90),(293,13,7,'2025-06-17 16:25:11','Cartão de débito',181.98),(294,14,8,'2025-06-21 11:05:33','Pix',47.70),(295,15,9,'2025-06-26 13:48:19','Cartão de crédito',51.98),(296,16,10,'2025-06-30 15:15:02','Cartão de débito',59.90),(297,17,1,'2025-07-05 10:30:55','Pix',199.80),(298,18,2,'2025-07-09 14:45:12','Cartão de crédito',129.90),(299,19,3,'2025-07-14 11:22:30','Pix',38.97),(300,20,4,'2025-07-18 16:10:18','Cartão de débito',25.98),(301,1,6,'2025-07-23 13:55:00','Cartão de crédito',159.80),(302,2,7,'2025-07-27 17:30:25','Pix',137.16),(303,3,8,'2025-08-01 10:05:14','Cartão de crédito',249.90),(304,4,9,'2025-08-05 12:40:50','Cartão de débito',71.00),(305,5,10,'2025-08-10 14:15:33','Pix',120.00),(306,6,1,'2025-08-14 11:22:11','Cartão de crédito',161.10),(307,7,2,'2025-08-19 16:05:44','Pix',159.90),(308,8,3,'2025-08-23 10:50:19','Cartão de débito',101.76),(309,9,4,'2025-08-28 13:12:02','Cartão de crédito',150.00),(310,10,5,'2025-09-01 15:45:37','Pix',379.80),(311,11,6,'2025-09-06 09:18:26','Cartão de crédito',199.90),(312,12,7,'2025-09-10 17:02:11','Cartão de débito',279.80),(313,13,8,'2025-09-15 11:35:55','Pix',89.90),(314,14,9,'2025-09-19 14:50:18','Cartão de crédito',59.70),(315,15,10,'2025-09-24 10:25:40','Cartão de débito',51.98),(316,16,1,'2025-09-28 16:12:05','Pix',90.99),(317,17,2,'2025-10-02 13:40:55','Cartão de crédito',31.80),(318,18,3,'2025-10-07 11:05:14','Cartão de débito',80.55),(319,19,4,'2025-10-11 15:30:22','Pix',259.80),(320,20,5,'2025-10-16 17:48:10','Cartão de crédito',137.16),(321,1,7,'2025-10-20 09:15:33','Pix',79.90),(322,2,8,'2025-10-25 12:22:45','Cartão de crédito',120.00),(323,3,9,'2025-10-29 14:05:19','Cartão de débito',159.80),(324,4,10,'2025-11-03 16:55:02','Pix',159.90),(325,5,1,'2025-11-07 10:10:30','Cartão de crédito',137.16),(326,6,2,'2025-11-12 13:35:14','Pix',150.00),(327,7,3,'2025-11-16 11:20:55','Cartão de débito',71.00),(328,8,4,'2025-11-21 15:42:18','Cartão de crédito',189.90),(329,9,5,'2025-11-25 14:12:05','Pix',199.90),(330,10,6,'2025-11-30 09:50:40','Cartão de crédito',137.16),(331,11,7,'2025-12-04 16:25:11','Cartão de débito',79.90),(332,12,8,'2025-12-09 11:05:33','Pix',161.10),(333,13,9,'2025-12-13 13:48:19','Cartão de crédito',139.90),(334,14,10,'2025-12-18 15:15:02','Cartão de débito',179.80),(335,15,1,'2025-12-22 10:30:55','Pix',59.70),(336,16,2,'2025-12-27 14:45:12','Cartão de crédito',51.98),(337,17,3,'2025-12-31 11:22:30','Pix',90.99),(338,18,4,'2026-01-04 16:10:18','Cartão de débito',47.70),(339,19,5,'2026-01-09 13:55:00','Cartão de crédito',80.55),(340,20,6,'2026-01-13 17:30:25','Pix',259.80),(341,1,8,'2026-01-18 10:05:14','Cartão de crédito',71.00),(342,2,9,'2026-01-22 12:40:50','Cartão de débito',249.90),(343,3,10,'2026-01-27 14:15:33','Pix',181.98),(344,4,1,'2026-02-01 11:22:11','Cartão de crédito',47.70),(345,5,2,'2026-02-05 16:05:44','Pix',51.98),(346,6,3,'2026-02-09 10:50:19','Cartão de débito',59.90),(347,7,4,'2026-02-14 13:12:02','Cartão de crédito',199.80),(348,8,5,'2026-02-18 15:45:37','Pix',129.90),(349,9,6,'2026-02-22 09:18:26','Cartão de crédito',38.97),(350,10,7,'2026-02-26 17:02:11','Cartão de débito',25.98),(351,11,8,'2026-03-03 11:35:55','Pix',159.80),(352,12,9,'2026-03-07 14:50:18','Cartão de crédito',137.16),(353,13,10,'2026-03-11 10:25:40','Cartão de débito',249.90),(354,14,1,'2026-03-15 16:12:05','Pix',71.00),(355,15,2,'2026-03-19 13:40:55','Cartão de crédito',120.00),(356,16,3,'2026-03-23 11:05:14','Cartão de débito',161.10),(357,17,4,'2026-03-27 15:30:22','Pix',159.90),(358,18,5,'2026-03-31 17:48:10','Cartão de crédito',101.76),(359,19,6,'2026-04-04 09:15:33','Pix',150.00),(360,20,7,'2026-04-08 12:22:45','Cartão de crédito',379.80),(361,1,9,'2026-04-12 14:05:19','Cartão de débito',199.90),(362,2,10,'2026-04-16 16:55:02','Pix',279.80),(363,3,1,'2026-04-20 10:10:30','Cartão de crédito',89.90),(364,4,2,'2026-04-24 13:35:14','Pix',59.70),(365,5,3,'2026-04-28 11:20:55','Cartão de débito',51.98),(366,6,4,'2026-05-02 15:42:18','Cartão de crédito',90.99),(367,7,5,'2026-05-06 14:12:05','Pix',31.80),(368,8,6,'2026-05-10 09:50:40','Cartão de crédito',80.55),(369,9,7,'2026-05-14 16:25:11','Cartão de débito',259.80),(370,10,8,'2026-05-18 11:05:33','Pix',137.16),(371,11,9,'2026-05-22 13:48:19','Cartão de crédito',79.90),(372,12,10,'2026-05-26 15:15:02','Cartão de débito',120.00),(373,13,1,'2026-05-30 10:30:55','Pix',159.80),(374,14,2,'2025-01-12 14:45:12','Cartão de crédito',159.90),(375,15,3,'2025-01-17 11:22:30','Pix',137.16),(376,16,4,'2025-01-22 16:10:18','Cartão de débito',150.00),(377,17,5,'2025-01-27 13:55:00','Cartão de crédito',71.00),(378,18,6,'2025-02-01 17:30:25','Pix',189.90),(379,19,7,'2025-02-06 10:05:14','Cartão de crédito',199.90),(380,20,8,'2025-02-11 12:40:50','Cartão de débito',137.16),(381,1,9,'2025-02-16 14:15:33','Pix',79.90),(382,2,10,'2025-02-21 11:22:11','Cartão de crédito',161.10),(383,3,1,'2025-02-26 16:05:44','Pix',139.90),(384,4,2,'2025-03-03 10:50:19','Cartão de débito',179.80),(385,5,3,'2025-03-07 13:12:02','Cartão de crédito',59.70),(386,6,4,'2025-03-12 15:45:37','Pix',51.98),(387,7,5,'2025-03-16 09:18:26','Cartão de crédito',90.99),(388,8,6,'2025-03-21 17:02:11','Cartão de débito',47.70),(389,9,7,'2025-03-25 11:35:55','Pix',80.55),(390,10,8,'2025-03-30 14:50:18','Cartão de crédito',259.80),(391,11,9,'2025-04-03 10:25:40','Cartão de débito',71.00),(392,12,10,'2025-04-07 16:12:05','Pix',249.90),(393,13,1,'2025-04-12 13:40:55','Cartão de crédito',181.98),(394,14,2,'2025-04-16 11:05:14','Cartão de débito',47.70),(395,15,3,'2025-04-21 15:30:22','Pix',51.98),(396,16,4,'2025-04-25 17:48:10','Cartão de crédito',59.90),(397,17,5,'2025-04-30 09:15:33','Pix',199.80),(398,18,6,'2025-05-05 12:22:45','Cartão de crédito',129.90),(399,19,7,'2025-05-09 14:05:19','Cartão de débito',38.97),(400,20,8,'2025-05-14 16:55:02','Pix',25.98),(401,1,10,'2025-05-19 10:10:30','Cartão de crédito',159.80),(402,2,1,'2025-05-23 13:35:14','Pix',137.16),(403,3,2,'2025-05-28 11:20:55','Cartão de débito',249.90),(404,4,3,'2025-06-01 15:42:18','Cartão de crédito',71.00),(405,5,4,'2025-06-06 14:12:05','Pix',120.00),(406,6,5,'2025-06-10 09:50:40','Cartão de crédito',161.10),(407,7,6,'2025-06-15 16:25:11','Cartão de débito',159.90),(408,8,7,'2025-06-19 11:05:33','Pix',101.76),(409,9,8,'2025-06-24 13:48:19','Cartão de crédito',150.00),(410,10,9,'2025-06-28 15:15:02','Cartão de débito',379.80),(411,11,10,'2025-07-03 10:30:55','Pix',199.90),(412,12,1,'2025-07-07 14:45:12','Cartão de crédito',279.80),(413,13,2,'2025-07-12 11:22:30','Pix',89.90),(414,14,3,'2025-07-16 16:10:18','Cartão de débito',59.70),(415,15,4,'2025-07-21 13:55:00','Cartão de crédito',51.98),(416,16,5,'2025-07-25 17:30:25','Pix',90.99),(417,17,6,'2025-07-30 10:05:14','Cartão de crédito',31.80),(418,18,7,'2025-08-03 12:40:50','Cartão de débito',80.55),(419,19,8,'2025-08-08 14:15:33','Pix',259.80),(420,20,9,'2025-08-12 11:22:11','Cartão de crédito',137.16),(421,1,2,'2025-08-17 16:05:44','Pix',79.90),(422,2,3,'2025-08-21 10:50:19','Cartão de débito',120.00),(423,3,4,'2025-08-26 13:12:02','Cartão de crédito',159.80),(424,4,5,'2025-08-30 15:45:37','Pix',159.90),(425,5,6,'2025-09-04 09:18:26','Cartão de crédito',137.16),(426,6,7,'2025-09-08 17:02:11','Cartão de débito',150.00),(427,7,8,'2025-09-13 11:35:55','Pix',71.00),(428,8,9,'2025-09-17 14:50:18','Cartão de crédito',189.90),(429,9,10,'2025-09-22 10:25:40','Cartão de débito',199.90),(430,10,1,'2025-09-26 16:12:05','Pix',137.16),(431,11,2,'2025-10-01 13:40:55','Cartão de crédito',79.90),(432,12,3,'2025-10-05 11:05:14','Cartão de débito',161.10),(433,13,4,'2025-10-10 15:30:22','Pix',139.90),(434,14,5,'2025-10-14 17:48:10','Cartão de crédito',179.80),(435,15,6,'2025-10-19 09:15:33','Pix',59.70),(436,16,7,'2025-10-23 12:22:45','Cartão de crédito',51.98),(437,17,8,'2025-10-28 14:05:19','Cartão de débito',90.99),(438,18,9,'2025-11-01 16:55:02','Pix',47.70),(439,19,10,'2025-11-06 10:10:30','Cartão de crédito',80.55),(440,20,1,'2025-11-10 13:35:14','Pix',259.80),(441,1,3,'2025-11-15 11:20:55','Cartão de débito',71.00),(442,2,4,'2025-11-19 15:42:18','Cartão de crédito',249.90),(443,3,5,'2025-11-24 14:12:05','Pix',181.98),(444,4,6,'2025-11-28 09:50:40','Cartão de crédito',47.70),(445,5,7,'2025-12-03 16:25:11','Cartão de débito',51.98),(446,6,8,'2025-12-07 11:05:33','Pix',59.90),(447,7,9,'2025-12-12 13:48:19','Cartão de crédito',199.80),(448,8,10,'2025-12-16 15:15:02','Cartão de débito',129.90),(449,9,1,'2025-12-21 10:30:55','Pix',38.97),(450,10,2,'2025-12-25 14:45:12','Cartão de crédito',25.98),(451,11,3,'2025-12-30 11:22:30','Pix',159.80),(452,12,4,'2026-01-03 16:10:18','Cartão de débito',137.16),(453,13,5,'2026-01-08 13:55:00','Cartão de crédito',249.90),(454,14,6,'2026-01-12 17:30:25','Pix',71.00),(455,15,7,'2026-01-17 10:05:14','Cartão de crédito',120.00),(456,16,8,'2026-01-21 12:40:50','Cartão de débito',161.10),(457,17,9,'2026-01-26 14:15:33','Pix',159.90),(458,18,10,'2026-01-30 11:22:11','Cartão de crédito',101.76),(459,19,1,'2026-02-04 16:05:44','Pix',150.00),(460,20,2,'2026-02-08 10:50:19','Cartão de débito',379.80),(461,1,4,'2026-02-13 13:12:02','Cartão de crédito',199.90),(462,2,5,'2026-02-17 15:45:37','Pix',279.80),(463,3,6,'2026-02-22 09:18:26','Cartão de crédito',89.90),(464,4,7,'2026-02-26 17:02:11','Cartão de débito',59.70),(465,5,8,'2026-03-03 11:35:55','Pix',51.98),(466,6,9,'2026-03-07 14:50:18','Cartão de crédito',90.99),(467,7,10,'2026-03-11 10:25:40','Cartão de débito',31.80),(468,8,1,'2026-03-15 16:12:05','Pix',80.55),(469,9,2,'2026-03-19 13:40:55','Cartão de crédito',259.80),(470,10,3,'2026-03-23 11:05:14','Cartão de débito',137.16),(471,11,4,'2026-03-27 15:30:22','Pix',79.90),(472,12,5,'2026-03-31 17:48:10','Cartão de crédito',120.00),(473,13,6,'2026-04-04 09:15:33','Pix',159.80),(474,14,7,'2026-04-08 12:22:45','Cartão de crédito',159.90),(475,15,8,'2026-04-12 14:05:19','Cartão de débito',137.16),(476,16,9,'2026-04-16 16:55:02','Pix',150.00),(477,17,10,'2026-04-20 10:10:30','Cartão de crédito',71.00),(478,18,1,'2026-04-24 13:35:14','Pix',189.90),(479,19,2,'2026-04-28 11:20:55','Cartão de débito',199.90),(480,20,3,'2026-05-02 15:42:18','Cartão de crédito',137.16),(481,1,5,'2026-05-06 14:12:05','Pix',79.90),(482,2,6,'2026-05-10 09:50:40','Cartão de crédito',161.10),(483,3,7,'2026-05-14 16:25:11','Cartão de débito',139.90),(484,4,8,'2026-05-18 11:05:33','Pix',179.80),(485,5,9,'2026-05-22 13:48:19','Cartão de crédito',59.70),(486,6,10,'2026-05-26 15:15:02','Cartão de débito',51.98),(487,7,1,'2026-05-30 10:30:55','Pix',90.99),(488,8,2,'2025-01-12 14:45:12','Cartão de crédito',47.70),(489,9,3,'2025-01-17 11:22:30','Pix',80.55),(490,10,4,'2025-01-22 16:10:18','Cartão de débito',259.80),(491,11,5,'2025-01-27 13:55:00','Cartão de crédito',71.00),(492,12,6,'2025-02-01 17:30:25','Pix',249.90),(493,13,7,'2025-02-06 10:05:14','Cartão de crédito',181.98),(494,14,8,'2025-02-11 12:40:50','Cartão de débito',47.70),(495,15,9,'2025-02-16 14:15:33','Pix',51.98),(496,16,10,'2025-02-21 11:22:11','Cartão de crédito',59.90),(497,17,1,'2025-02-26 16:05:44','Pix',199.80),(498,18,2,'2025-03-03 10:50:19','Cartão de débito',129.90),(499,19,3,'2025-03-07 13:12:02','Cartão de crédito',38.97),(500,20,4,'2025-03-12 15:45:37','Pix',25.98);


-- ==================== ITENS VENDA ====================

INSERT INTO `itens_venda` (id_item, id_venda, id_produto, quantidade, preco_unitario) 
VALUES
(1,1,9,1,80.55),(2,1,44,2,15.90),(3,2,22,1,129.90),(4,3,2,2,25.99),(5,4,38,1,59.90),(6,4,49,2,12.99),(7,5,27,1,99.90),(8,6,5,1,68.58),(9,7,30,2,79.90),(10,8,34,1,249.90),(11,9,41,1,35.50),(12,9,45,1,15.90),(13,10,13,1,120.00),(14,11,25,1,159.90),(15,12,1,1,50.88),(16,13,18,1,150.00),(17,14,20,1,189.90),(18,15,32,1,199.90),(19,16,28,1,139.90),(20,17,36,1,89.90),(21,17,50,2,12.99),(22,18,47,1,19.90),(23,19,3,2,25.99),(24,20,16,1,90.99),(25,21,10,1,80.55),(26,22,23,1,129.90),(27,23,6,1,68.58),(28,24,39,1,79.90),(29,25,14,1,120.00),(30,26,31,1,79.90),(31,27,26,1,159.90),(32,28,7,1,68.58),(33,29,19,1,150.00),(34,30,42,1,35.50),(35,31,21,1,189.90),(36,32,33,1,199.90),(37,33,8,1,68.58),(38,34,40,1,79.90),(39,35,11,1,80.55),(40,36,29,1,139.90),(41,37,37,1,89.90),(42,38,48,1,19.90),(43,39,4,1,25.99),(44,40,17,1,90.99),(45,41,46,1,15.90),(46,42,12,1,80.55),(47,43,24,1,129.90),(48,44,43,1,35.50),(49,45,35,1,249.90),(50,46,15,2,90.99),(51,47,44,3,15.90),(52,48,2,2,25.99),(53,49,38,2,59.90),(54,50,27,2,99.90),(55,51,22,2,129.90),(56,52,49,3,12.99),(57,53,30,2,79.90),(58,54,5,2,68.58),(59,55,34,2,249.90),(60,56,41,2,35.50),(61,57,13,2,120.00),(62,58,9,2,80.55),(63,59,25,2,159.90),(64,60,1,2,50.88),(65,61,18,2,150.00),(66,62,20,2,189.90),(67,63,32,2,199.90),(68,64,28,2,139.90),(69,65,36,2,89.90),(70,66,47,2,19.90),(71,67,3,2,25.99),(72,68,16,2,90.99),(73,69,45,2,15.90),(74,70,10,2,80.55),(75,71,23,2,129.90),(76,72,6,2,68.58),(77,73,39,2,79.90),(78,74,14,2,120.00),(79,75,31,2,79.90),(80,76,26,2,159.90),(81,77,7,2,68.58),(82,78,19,2,150.00),(83,79,42,2,35.50),(84,80,21,2,189.90),(85,81,33,2,199.90),(86,82,8,2,68.58),(87,83,40,2,79.90),(88,84,11,2,80.55),(89,85,29,2,139.90),(90,86,37,2,89.90),(91,87,48,2,19.90),(92,88,4,2,25.99),(93,89,17,2,90.99),(94,90,46,2,15.90),(95,91,12,2,80.55),(96,92,24,2,129.90),(97,93,43,2,35.50),(98,94,35,2,249.90),(99,95,15,3,90.99),(100,96,44,4,15.90),(101,97,2,3,25.99),(102,98,38,3,59.90),(103,99,27,3,99.90),(104,100,22,3,129.90),(105,101,49,1,12.99),(106,101,50,2,12.99),(107,102,30,3,79.90),(108,103,5,3,68.58),(109,104,34,1,249.90),(110,105,41,2,35.50),(111,106,13,2,120.00),(112,107,9,3,80.55),(113,108,25,1,159.90),(114,109,1,2,50.88),(115,110,18,1,150.00),(116,111,20,2,189.90),(117,112,32,1,199.90),(118,113,28,2,139.90),(119,114,36,1,89.90),(120,115,47,4,19.90),(121,116,3,2,25.99),(122,117,16,1,90.99),(123,118,45,3,15.90),(124,119,10,1,80.55),(125,120,23,2,129.90),(126,121,6,2,68.58),(127,122,39,1,79.90),(128,123,14,1,120.00),(129,124,31,2,79.90),(130,125,26,1,159.90),(131,126,7,2,68.58),(132,127,19,1,150.00),(133,128,42,3,35.50),(134,129,21,1,189.90),(135,130,33,1,199.90),(136,131,8,2,68.58),(137,132,40,1,79.90),(138,133,11,2,80.55),(139,134,29,1,139.90),(140,135,37,2,89.90),(141,136,48,3,19.90),(142,137,4,2,25.99),(143,138,17,1,90.99),(144,139,46,3,15.90),(145,140,12,1,80.55),(146,141,24,2,129.90),(147,142,43,2,35.50),(148,143,35,1,249.90),(149,144,15,2,90.99),(150,145,44,3,15.90),(151,146,2,2,25.99),(152,147,38,1,59.90),(153,148,27,2,99.90),(154,149,22,1,129.90),(155,150,49,3,12.99),(156,151,30,2,79.90),(157,152,5,2,68.58),(158,153,34,1,249.90),(159,154,41,2,35.50),(160,155,13,1,120.00),(161,156,9,2,80.55),(162,157,25,1,159.90),(163,158,1,2,50.88),(164,159,18,1,150.00),(165,160,20,2,189.90),(166,161,32,1,199.90),(167,162,28,2,139.90),(168,163,36,1,89.90),(169,164,47,3,19.90),(170,165,3,2,25.99),(171,166,16,1,90.99),(172,167,45,2,15.90),(173,168,10,1,80.55),(174,169,23,2,129.90),(175,170,6,2,68.58),(176,171,39,1,79.90),(177,172,14,1,120.00),(178,173,31,2,79.90),(179,174,26,1,159.90),(180,175,7,2,68.58),(181,176,19,1,150.00),(182,177,42,2,35.50),(183,178,21,1,189.90),(184,179,33,1,199.90),(185,180,8,2,68.58),(186,181,40,1,79.90),(187,182,11,2,80.55),(188,183,29,1,139.90),(189,184,37,2,89.90),(190,185,48,3,19.90),(191,186,4,2,25.99),(192,187,17,1,90.99),(193,188,46,3,15.90),(194,189,12,1,80.55),(195,190,24,2,129.90),(196,191,43,2,35.50),(197,192,35,1,249.90),(198,193,15,2,90.99),(199,194,44,3,15.90),(200,195,2,2,25.99),(201,196,38,1,59.90),(202,197,27,2,99.90),(203,198,22,1,129.90),(204,199,49,3,12.99),(205,200,50,2,12.99),(206,201,30,2,79.90),(207,202,5,2,68.58),(208,203,34,1,249.90),(209,204,41,2,35.50),(210,205,13,1,120.00),(211,206,9,2,80.55),(212,207,25,1,159.90),(213,208,1,2,50.88),(214,209,18,1,150.00),(215,210,20,2,189.90),(216,211,32,1,199.90),(217,212,28,2,139.90),(218,213,36,1,89.90),(219,214,47,3,19.90),(220,215,3,2,25.99),(221,216,16,1,90.99),(222,217,45,2,15.90),(223,218,10,1,80.55),(224,219,23,2,129.90),(225,220,6,2,68.58),(226,221,39,1,79.90),(227,222,14,1,120.00),(228,223,31,2,79.90),(229,224,26,1,159.90),(230,225,7,2,68.58),(231,226,19,1,150.00),(232,227,42,2,35.50),(233,228,21,1,189.90),(234,229,33,1,199.90),(235,230,8,2,68.58),(236,231,40,1,79.90),(237,232,11,2,80.55),(238,233,29,1,139.90),(239,234,37,2,89.90),(240,235,48,3,19.90),(241,236,4,2,25.99),(242,237,17,1,90.99),(243,238,46,3,15.90),(244,239,12,1,80.55),(245,240,24,2,129.90),(246,241,43,2,35.50),(247,242,35,1,249.90),(248,243,15,2,90.99),(249,244,44,3,15.90),(250,245,2,2,25.99),(251,246,38,1,59.90),(252,247,27,2,99.90),(253,248,22,1,129.90),(254,249,49,3,12.99),(255,250,50,2,12.99),(256,251,30,2,79.90),(257,252,5,2,68.58),(258,253,34,1,249.90),(259,254,41,2,35.50),(260,255,13,1,120.00),(261,256,9,2,80.55),(262,257,25,1,159.90),(263,258,1,2,50.88),(264,259,18,1,150.00),(265,260,20,2,189.90),(266,261,32,1,199.90),(267,262,28,2,139.90),(268,263,36,1,89.90),(269,264,47,3,19.90),(270,265,3,2,25.99),(271,266,16,1,90.99),(272,267,45,2,15.90),(273,268,10,1,80.55),(274,269,23,2,129.90),(275,270,6,2,68.58),(276,271,39,1,79.90),(277,272,14,1,120.00),(278,273,31,2,79.90),(279,274,26,1,159.90),(280,275,7,2,68.58),(281,276,19,1,150.00),(282,277,42,2,35.50),(283,278,21,1,189.90),(284,279,33,1,199.90),(285,280,8,2,68.58),(286,281,40,1,79.90),(287,282,11,2,80.55),(288,283,29,1,139.90),(289,284,37,2,89.90),(290,285,48,3,19.90),(291,286,4,2,25.99),(292,287,17,1,90.99),(293,288,46,3,15.90),(294,289,12,1,80.55),(295,290,24,2,129.90),(296,291,43,2,35.50),(297,292,35,1,249.90),(298,293,15,2,90.99),(299,294,44,3,15.90),(300,295,2,2,25.99),(301,296,38,1,59.90),(302,297,27,2,99.90),(303,298,22,1,129.90),(304,299,49,3,12.99),(305,300,50,2,12.99),(306,301,30,2,79.90),(307,302,5,2,68.58),(308,303,34,1,249.90),(309,304,41,2,35.50),(310,305,13,1,120.00),(311,306,9,2,80.55),(312,307,25,1,159.90),(313,308,1,2,50.88),(314,309,18,1,150.00),(315,310,20,2,189.90),(316,311,32,1,199.90),(317,312,28,2,139.90),(318,313,36,1,89.90),(319,314,47,3,19.90),(320,315,3,2,25.99),(321,316,16,1,90.99),(322,317,45,2,15.90),(323,318,10,1,80.55),(324,319,23,2,129.90),(325,320,6,2,68.58),(326,321,39,1,79.90),(327,322,14,1,120.00),(328,323,31,2,79.90),(329,324,26,1,159.90),(330,325,7,2,68.58),(331,326,19,1,150.00),(332,327,42,2,35.50),(333,328,21,1,189.90),(334,329,33,1,199.90),(335,330,8,2,68.58),(336,331,40,1,79.90),(337,332,11,2,80.55),(338,333,29,1,139.90),(339,334,37,2,89.90),(340,335,48,3,19.90),(341,336,4,2,25.99),(342,337,17,1,90.99),(343,338,46,3,15.90),(344,339,12,1,80.55),(345,340,24,2,129.90),(346,341,43,2,35.50),(347,342,35,1,249.90),(348,343,15,2,90.99),(349,344,44,3,15.90),(350,345,2,2,25.99),(351,346,38,1,59.90),(352,347,27,2,99.90),(353,348,22,1,129.90),(354,349,49,3,12.99),(355,350,50,2,12.99),(356,351,30,2,79.90),(357,352,5,2,68.58),(358,353,34,1,249.90),(359,354,41,2,35.50),(360,355,13,1,120.00),(361,356,9,2,80.55),(362,357,25,1,159.90),(363,358,1,2,50.88),(364,359,18,1,150.00),(365,360,20,2,189.90),(366,361,32,1,199.90),(367,362,28,2,139.90),(368,363,36,1,89.90),(369,364,47,3,19.90),(370,365,3,2,25.99),(371,366,16,1,90.99),(372,367,45,2,15.90),(373,368,10,1,80.55),(374,369,23,2,129.90),(375,370,6,2,68.58),(376,371,39,1,79.90),(377,372,14,1,120.00),(378,373,31,2,79.90),(379,374,26,1,159.90),(380,375,7,2,68.58),(381,376,19,1,150.00),(382,377,42,2,35.50),(383,378,21,1,189.90),(384,379,33,1,199.90),(385,380,8,2,68.58),(386,381,40,1,79.90),(387,382,11,2,80.55),(388,383,29,1,139.90),(389,384,37,2,89.90),(390,385,48,3,19.90),(391,386,4,2,25.99),(392,387,17,1,90.99),(393,388,46,3,15.90),(394,389,12,1,80.55),(395,390,24,2,129.90),(396,391,43,2,35.50),(397,392,35,1,249.90),(398,393,15,2,90.99),(399,394,44,3,15.90),(400,395,2,2,25.99),(401,396,38,1,59.90),(402,397,27,2,99.90),(403,398,22,1,129.90),(404,399,49,3,12.99),(405,400,50,2,12.99),(406,401,30,2,79.90),(407,402,5,2,68.58),(408,403,34,1,249.90),(409,404,41,2,35.50),(410,405,13,1,120.00),(411,406,9,2,80.55),(412,407,25,1,159.90),(413,408,1,2,50.88),(414,409,18,1,150.00),(415,410,20,2,189.90),(416,411,32,1,199.90),(417,412,28,2,139.90),(418,413,36,1,89.90),(419,414,47,3,19.90),(420,415,3,2,25.99),(421,416,16,1,90.99),(422,417,45,2,15.90),(423,418,10,1,80.55),(424,419,23,2,129.90),(425,420,6,2,68.58),(426,421,39,1,79.90),(427,422,14,1,120.00),(428,423,31,2,79.90),(429,424,26,1,159.90),(430,425,7,2,68.58),(431,426,19,1,150.00),(432,427,42,2,35.50),(433,428,21,1,189.90),(434,429,33,1,199.90),(435,430,8,2,68.58),(436,431,40,1,79.90),(437,432,11,2,80.55),(438,433,29,1,139.90),(439,434,37,2,89.90),(440,435,48,3,19.90),(441,436,4,2,25.99),(442,437,17,1,90.99),(443,438,46,3,15.90),(444,439,12,1,80.55),(445,440,24,2,129.90),(446,441,43,2,35.50),(447,442,35,1,249.90),(448,443,15,2,90.99),(449,444,44,3,15.90),(450,445,2,2,25.99),(451,446,38,1,59.90),(452,447,27,2,99.90),(453,448,22,1,129.90),(454,449,49,3,12.99),(455,450,50,2,12.99),(456,451,30,2,79.90),(457,452,5,2,68.58),(458,453,34,1,249.90),(459,454,41,2,35.50),(460,455,13,1,120.00),(461,456,9,2,80.55),(462,457,25,1,159.90),(463,458,1,2,50.88),(464,459,18,1,150.00),(465,460,20,2,189.90),(466,461,32,1,199.90),(467,462,28,2,139.90),(468,463,36,1,89.90),(469,464,47,3,19.90),(470,465,3,2,25.99),(471,466,16,1,90.99),(472,467,45,2,15.90),(473,468,10,1,80.55),(474,469,23,2,129.90),(475,470,6,2,68.58),(476,471,39,1,79.90),(477,472,14,1,120.00),(478,473,31,2,79.90),(479,474,26,1,159.90),(480,475,7,2,68.58),(481,476,19,1,150.00),(482,477,42,2,35.50),(483,478,21,1,189.90),(484,479,33,1,199.90),(485,480,8,2,68.58),(486,481,40,1,79.90),(487,482,11,2,80.55),(488,483,29,1,139.90),(489,484,37,2,89.90),(490,485,48,3,19.90),(491,486,4,2,25.99),(492,487,17,1,90.99),(493,488,46,3,15.90),(494,489,12,1,80.55),(495,490,24,2,129.90),(496,491,43,2,35.50),(497,492,35,1,249.90),(498,493,15,2,90.99),(499,494,44,3,15.90),(500,495,2,2,25.99),(501,496,38,1,59.90),(502,497,27,2,99.90),(503,498,22,1,129.90),(504,499,49,3,12.99),(505,500,50,2,12.99);
